id,first_name,last_name,email,gender,language
1,Salmon,Mandifield,smandifield0@canalblog.com,Male,Papiamento
2,Farra,Bouda,fbouda1@jalbum.net,Female,Chinese
3,Woodman,Trathen,wtrathen2@uol.com.br,Male,Luxembourgish
4,Frederic,Coit,fcoit3@loc.gov,Male,Guaraní
5,Danielle,Sturzaker,dsturzaker4@reverbnation.com,Female,Greek
6,Neala,Sandaver,nsandaver5@ameblo.jp,Bigender,Kurdish
7,Alexandros,Wadly,awadly6@alibaba.com,Male,Belarusian
8,Pauly,Adcocks,padcocks7@blogtalkradio.com,Female,Tok Pisin
9,Cart,Kelshaw,ckelshaw8@mapy.cz,Non-binary,Lao
10,Rossie,Oen,roen9@indiegogo.com,Male,Filipino
11,Kerry,Jina,kjinaa@cnbc.com,Male,English
12,Larina,Holgan,lholganb@hhs.gov,Female,Swati
13,Filia,Kondrachenko,fkondrachenkoc@zimbio.com,Agender,Fijian
14,Mozelle,Gottelier,mgottelierd@xing.com,Female,Marathi
15,Leesa,Clopton,lcloptone@apple.com,Female,Moldovan
16,Adams,Priel,aprielf@cyberchimps.com,Non-binary,Haitian Creole
17,Eberhard,Hewson,ehewsong@sogou.com,Male,Catalan
18,Conrad,Gronow,cgronowh@elegantthemes.com,Male,Malayalam
19,Arluene,Kenlin,akenlini@buzzfeed.com,Female,Tswana
20,Terry,Ramos,tramosj@phpbb.com,Male,Portuguese
21,Nichols,Curless,ncurlessk@acquirethisname.com,Male,Telugu
22,Cullin,Hilling,chillingl@ihg.com,Male,Guaraní
23,Karissa,Rivelin,krivelinm@spotify.com,Female,Bislama
24,Camey,Iddins,ciddinsn@theatlantic.com,Male,Dhivehi
25,Carrissa,Darlington,cdarlingtono@bravesites.com,Female,Gagauz
26,Bill,Stell,bstellp@reverbnation.com,Male,Macedonian
27,Claude,Borrott,cborrottq@theglobeandmail.com,Female,Dari
28,Cord,Cruce,ccrucer@time.com,Male,Aymara
29,Isak,Longega,ilongegas@gmpg.org,Male,Italian
30,Carny,Dumbar,cdumbart@fastcompany.com,Male,Aymara
31,Nevil,Mariel,nmarielu@webnode.com,Male,Dhivehi
32,Inness,Willimot,iwillimotv@dion.ne.jp,Male,Persian
33,Camel,Menloe,cmenloew@google.ca,Female,Romanian
34,Griz,Scudder,gscudderx@odnoklassniki.ru,Male,Haitian Creole
35,Janaya,Auckland,jaucklandy@histats.com,Female,Fijian
36,Chantal,Shackesby,cshackesbyz@rambler.ru,Female,Lithuanian
37,Kendricks,Wolseley,kwolseley10@vk.com,Male,Filipino
38,Katya,Pavlishchev,kpavlishchev11@creativecommons.org,Female,Burmese
39,Gussi,Ruck,gruck12@yandex.ru,Female,Persian
40,Rheba,Blaney,rblaney13@cyberchimps.com,Female,Czech
41,Alyda,Petts,apetts14@answers.com,Female,Macedonian
42,Albrecht,Brightling,abrightling15@about.com,Male,Chinese
43,Thorn,Allner,tallner16@ftc.gov,Male,Estonian
44,Yasmeen,Furzer,yfurzer17@slashdot.org,Female,Swahili
45,Queenie,Bosenworth,qbosenworth18@bravesites.com,Genderfluid,Dari
46,Loydie,Du Fray,ldufray19@newsvine.com,Agender,Swati
47,Christi,Caldeyroux,ccaldeyroux1a@aboutads.info,Female,Greek
48,Brice,Savidge,bsavidge1b@comsenz.com,Male,Belarusian
49,Nolan,Nowell,nnowell1c@wisc.edu,Male,New Zealand Sign Language
50,Lowrance,Aloshechkin,laloshechkin1d@cam.ac.uk,Male,English
51,Vida,Balcon,vbalcon1e@ocn.ne.jp,Bigender,Hebrew
52,Flore,Honatsch,fhonatsch1f@google.co.jp,Female,Chinese
53,Boonie,Piell,bpiell1g@google.com,Male,Tok Pisin
54,Amory,Shelp,ashelp1h@scientificamerican.com,Male,Gujarati
55,Jackelyn,Sher,jsher1i@intel.com,Female,Belarusian
56,Diannne,Coltart,dcoltart1j@youku.com,Female,Arabic
57,Hyacinth,Waby,hwaby1k@about.com,Polygender,Tswana
58,Che,Biddles,cbiddles1l@mashable.com,Male,Belarusian
59,Nanny,Brunelli,nbrunelli1m@reddit.com,Female,Punjabi
60,Shea,Habberjam,shabberjam1n@sciencedirect.com,Female,Chinese
61,Roobbie,Renon,rrenon1o@vkontakte.ru,Agender,Bosnian
62,Heinrick,Hayworth,hhayworth1p@europa.eu,Male,Kannada
63,Tadeas,Lacroux,tlacroux1q@macromedia.com,Polygender,Fijian
64,Roslyn,Zaple,rzaple1r@wisc.edu,Female,Bengali
65,Barton,Key,bkey1s@japanpost.jp,Male,Yiddish
66,Ozzie,Pinch,opinch1t@telegraph.co.uk,Male,Lao
67,Dulcia,Rastrick,drastrick1u@adobe.com,Female,Swedish
68,Seward,Dowson,sdowson1v@github.com,Male,Polish
69,Krissie,Gutowski,kgutowski1w@addthis.com,Female,Bulgarian
70,Rolph,Gorman,rgorman1x@goo.ne.jp,Male,Tok Pisin
71,Chrissie,Feeley,cfeeley1y@cloudflare.com,Female,English
72,Carleen,Micah,cmicah1z@alexa.com,Female,Georgian
73,Genia,Geale,ggeale20@fema.gov,Bigender,Kazakh
74,Bibby,Rawlin,brawlin21@fda.gov,Female,Swahili
75,Sara,Lehrmann,slehrmann22@bing.com,Female,Assamese
76,Sutton,Cohan,scohan23@redcross.org,Male,Bislama
77,Elene,Dollard,edollard24@newsvine.com,Female,Fijian
78,Lonni,O'Carney,locarney25@trellian.com,Female,Burmese
79,Chere,Bovingdon,cbovingdon26@hibu.com,Female,Japanese
80,Hallie,Postles,hpostles27@dropbox.com,Female,Croatian
81,Willabella,Chalice,wchalice28@last.fm,Female,Arabic
82,Noble,Botterell,nbotterell29@ed.gov,Male,Hiri Motu
83,Garreth,Ninnis,gninnis2a@hostgator.com,Male,Dutch
84,Jermayne,Proswell,jproswell2b@dagondesign.com,Male,Arabic
85,Johannah,Bazylets,jbazylets2c@geocities.jp,Female,Sotho
86,Renard,Karby,rkarby2d@goo.ne.jp,Male,Portuguese
87,Barbey,Haward,bhaward2e@mapquest.com,Female,Khmer
88,Elbertina,Moakes,emoakes2f@newyorker.com,Female,Maltese
89,Osmund,Couvert,ocouvert2g@bluehost.com,Male,Yiddish
90,Pepe,Di Biagio,pdibiagio2h@discovery.com,Male,Kannada
91,Melisande,Sloegrave,msloegrave2i@loc.gov,Female,Hindi
92,Jess,Tetford,jtetford2j@woothemes.com,Male,New Zealand Sign Language
93,Moises,Kielty,mkielty2k@slideshare.net,Male,Dutch
94,Mal,Aitchison,maitchison2l@ebay.co.uk,Male,Portuguese
95,Eustacia,Rollings,erollings2m@mit.edu,Female,Lithuanian
96,Eugene,Gravatt,egravatt2n@ted.com,Male,Portuguese
97,Alonso,McInnery,amcinnery2o@bbc.co.uk,Male,Romanian
98,Ashlan,Ewdale,aewdale2p@weebly.com,Genderqueer,Chinese
99,Mildred,Hallad,mhallad2q@goodreads.com,Female,Albanian
100,Mohandis,Fahey,mfahey2r@ustream.tv,Male,Dari
101,Marybelle,Veasey,mveasey2s@addthis.com,Agender,Hindi
102,Kathlin,Megarrell,kmegarrell2t@goodreads.com,Female,Nepali
103,Nev,Bountiff,nbountiff2u@cbslocal.com,Male,Papiamento
104,Cosimo,Corteis,ccorteis2v@freewebs.com,Male,Bislama
105,Selena,Paschke,spaschke2w@shop-pro.jp,Female,Indonesian
106,Rafe,Towersey,rtowersey2x@discuz.net,Male,Icelandic
107,Nickey,Drummond,ndrummond2y@economist.com,Male,Spanish
108,Ruggiero,Haimes,rhaimes2z@myspace.com,Male,Belarusian
109,Fedora,Folbige,ffolbige30@dagondesign.com,Female,Sotho
110,Agnesse,Coulthart,acoulthart31@admin.ch,Genderqueer,English
111,Trisha,Aleksidze,taleksidze32@indiatimes.com,Female,Estonian
112,Jard,Soppit,jsoppit33@issuu.com,Male,Italian
113,Polly,O'Dowling,podowling34@ted.com,Female,West Frisian
114,Osbert,Grain,ograin35@yolasite.com,Male,Indonesian
115,Riley,Lamburn,rlamburn36@imgur.com,Male,Chinese
116,Kinsley,Gokes,kgokes37@google.com.hk,Male,Chinese
117,Quintus,Piddlesden,qpiddlesden38@ebay.com,Male,Oriya
118,Lexy,Grimstead,lgrimstead39@creativecommons.org,Female,Danish
119,Rebecka,Atthowe,ratthowe3a@php.net,Female,Kazakh
120,Luis,Ivanenkov,livanenkov3b@stanford.edu,Male,Irish Gaelic
121,Bondon,Ferby,bferby3c@cbc.ca,Male,Marathi
122,Raoul,Peirce,rpeirce3d@gov.uk,Male,Belarusian
123,Charley,Jacqueminet,cjacqueminet3e@mysql.com,Male,Hiri Motu
124,Andra,O'Carran,aocarran3f@mac.com,Female,Tsonga
125,Celestia,Kocher,ckocher3g@cnbc.com,Female,Sotho
126,Iorgo,Montford,imontford3h@friendfeed.com,Male,Irish Gaelic
127,Stacy,Lanchester,slanchester3i@phoca.cz,Male,Croatian
128,Gerard,Sutcliffe,gsutcliffe3j@aboutads.info,Male,Punjabi
129,Nerti,Busch,nbusch3k@google.co.uk,Female,Kazakh
130,Kai,Walcher,kwalcher3l@google.es,Female,Lithuanian
131,Filip,Adamkiewicz,fadamkiewicz3m@so-net.ne.jp,Male,Albanian
132,Edd,Cervantes,ecervantes3n@alexa.com,Male,Bulgarian
133,Reynolds,Blonden,rblonden3o@smh.com.au,Male,Somali
134,Karlik,Chowne,kchowne3p@godaddy.com,Bigender,Amharic
135,Perry,Skingle,pskingle3q@exblog.jp,Male,Assamese
136,Jonis,Exeter,jexeter3r@wunderground.com,Female,Sotho
137,Leonora,East,least3s@army.mil,Female,Malayalam
138,Allen,Wilmott,awilmott3t@amazon.de,Male,English
139,Hephzibah,Fibbens,hfibbens3u@mit.edu,Female,Montenegrin
140,Mara,Barrs,mbarrs3v@oracle.com,Female,Latvian
141,Neely,Mc Grath,nmcgrath3w@4shared.com,Female,Amharic
142,Eustace,Southers,esouthers3x@arizona.edu,Male,Maltese
143,Aloin,Rist,arist3y@harvard.edu,Male,Persian
144,Thea,Vakhonin,tvakhonin3z@alexa.com,Female,Hindi
145,Rube,Trippitt,rtrippitt40@geocities.jp,Male,Lao
146,Tamra,Capeling,tcapeling41@amazon.de,Female,Malayalam
147,Judd,Aleveque,jaleveque42@vkontakte.ru,Male,Aymara
148,Timothea,Thominga,tthominga43@indiegogo.com,Female,Macedonian
149,Skip,Josland,sjosland44@oakley.com,Male,Guaraní
150,Keelby,Hickeringill,khickeringill45@google.ru,Male,Swedish
151,Kilian,Maxwaile,kmaxwaile46@hc360.com,Male,Burmese
152,Perrine,Samwaye,psamwaye47@house.gov,Female,English
153,Lonna,Goch,lgoch48@wordpress.com,Female,German
154,Daron,Baum,dbaum49@cnbc.com,Polygender,Finnish
155,Donnie,Haack,dhaack4a@google.it,Male,Indonesian
156,Marney,Bellis,mbellis4b@narod.ru,Female,Thai
157,Andrey,Broxton,abroxton4c@tumblr.com,Male,Northern Sotho
158,Lezley,Fost,lfost4d@economist.com,Male,New Zealand Sign Language
159,Claudette,Dennick,cdennick4e@fastcompany.com,Female,Tok Pisin
160,Carolynn,Duxbury,cduxbury4f@github.io,Female,Moldovan
161,Ansel,Jaumet,ajaumet4g@cyberchimps.com,Male,Tswana
162,Ermentrude,Scothorn,escothorn4h@psu.edu,Female,Papiamento
163,Tedmund,Colvill,tcolvill4i@feedburner.com,Male,Czech
164,Bobinette,Ashenhurst,bashenhurst4j@ebay.com,Bigender,Kashmiri
165,Anitra,Yell,ayell4k@google.com,Female,Lao
166,Almeria,Larvor,alarvor4l@domainmarket.com,Female,Azeri
167,Sampson,Perryn,sperryn4m@rambler.ru,Bigender,Lithuanian
168,Ilyse,German,igerman4n@bbb.org,Non-binary,Bosnian
169,Lulu,Vowels,lvowels4o@google.com.hk,Female,Guaraní
170,Rusty,Ellsom,rellsom4p@ebay.co.uk,Male,Malagasy
171,Nickolas,Eldered,neldered4q@cyberchimps.com,Male,Dzongkha
172,Gawen,Adamsen,gadamsen4r@discuz.net,Male,Kashmiri
173,Ilise,Mac Giolla Pheadair,imacgiollapheadair4s@dedecms.com,Female,New Zealand Sign Language
174,Parnell,Auletta,pauletta4t@oakley.com,Male,Pashto
175,Pooh,Jeger,pjeger4u@usgs.gov,Female,Kazakh
176,Percy,MacCosto,pmaccosto4v@opensource.org,Male,Tajik
177,Cathie,Lago,clago4w@nifty.com,Non-binary,Irish Gaelic
178,Janessa,Gheerhaert,jgheerhaert4x@hhs.gov,Female,Bislama
179,Valaree,Blackmore,vblackmore4y@fema.gov,Female,Greek
180,Umberto,Caesman,ucaesman4z@chronoengine.com,Male,Assamese
181,Peter,Bittlestone,pbittlestone50@boston.com,Male,Croatian
182,Johnnie,Bailiss,jbailiss51@si.edu,Male,Danish
183,Rae,Goschalk,rgoschalk52@twitpic.com,Female,Punjabi
184,Silvana,Bramo,sbramo53@typepad.com,Female,Portuguese
185,Orelle,Rishman,orishman54@symantec.com,Polygender,Malay
186,Sherman,Derby,sderby55@behance.net,Male,Zulu
187,Olivero,Scaysbrook,oscaysbrook56@about.com,Male,Hindi
188,Isac,Fourman,ifourman57@w3.org,Male,Hindi
189,Toiboid,Dur,tdur58@lycos.com,Male,Estonian
190,Carter,Hurran,churran59@phpbb.com,Male,Macedonian
191,Tatiania,Butters,tbutters5a@i2i.jp,Female,Swedish
192,Merell,Ruoss,mruoss5b@webmd.com,Male,Azeri
193,Brew,Leipelt,bleipelt5c@hubpages.com,Male,Hebrew
194,Jaymee,Vellden,jvellden5d@businesswire.com,Female,Somali
195,Merl,Levesley,mlevesley5e@tmall.com,Female,Hiri Motu
196,Mame,Odom,modom5f@is.gd,Female,Ndebele
197,Hurleigh,Sore,hsore5g@com.com,Male,Oriya
198,Floria,Bullant,fbullant5h@quantcast.com,Female,Spanish
199,Maxie,Maughan,mmaughan5i@gizmodo.com,Genderqueer,Khmer
200,Liam,Adran,ladran5j@npr.org,Male,Swati
201,Shayla,Bohike,sbohike5k@skyrock.com,Female,Norwegian
202,Hewett,Tripony,htripony5l@who.int,Male,Burmese
203,Patten,Gerren,pgerren5m@icq.com,Agender,Hiri Motu
204,Hussein,Lindwall,hlindwall5n@salon.com,Male,Norwegian
205,Colet,Omrod,comrod5o@infoseek.co.jp,Male,Papiamento
206,Hans,Larchier,hlarchier5p@jugem.jp,Male,Norwegian
207,Lennard,Cordelle,lcordelle5q@nasa.gov,Male,Norwegian
208,Gino,Honnicott,ghonnicott5r@tamu.edu,Male,Dari
209,Rich,Winterbourne,rwinterbourne5s@opensource.org,Male,Yiddish
210,Wilone,Corzor,wcorzor5t@un.org,Female,Azeri
211,Jory,Sach,jsach5u@ucoz.com,Male,Malayalam
212,Austin,McCrachen,amccrachen5v@networksolutions.com,Female,Maltese
213,Albertina,Hirschmann,ahirschmann5w@businessweek.com,Female,Indonesian
214,Annetta,Yanson,ayanson5x@woothemes.com,Female,Belarusian
215,Harriette,Buddington,hbuddington5y@fastcompany.com,Female,New Zealand Sign Language
216,Nickie,Bayles,nbayles5z@ibm.com,Female,Northern Sotho
217,Worthington,Franceschi,wfranceschi60@miibeian.gov.cn,Male,Gujarati
218,Geoff,Turpie,gturpie61@a8.net,Male,Papiamento
219,Borg,Talman,btalman62@hibu.com,Male,Yiddish
220,Sonnnie,Raft,sraft63@pbs.org,Female,Italian
221,Claude,Tresise,ctresise64@netvibes.com,Female,Maltese
222,Tremayne,Denne,tdenne65@hubpages.com,Male,French
223,Wallie,Hurdle,whurdle66@ucoz.ru,Female,Swedish
224,Dani,Withrington,dwithrington67@github.io,Male,Nepali
225,Karole,Verlander,kverlander68@xrea.com,Female,Moldovan
226,Judi,Berrigan,jberrigan69@yahoo.co.jp,Female,Thai
227,Rickey,Kristoffersson,rkristoffersson6a@icq.com,Male,Persian
228,Winnah,Smiths,wsmiths6b@miitbeian.gov.cn,Female,Guaraní
229,Mommy,Browncey,mbrowncey6c@goodreads.com,Female,Luxembourgish
230,Filberto,Ughi,fughi6d@livejournal.com,Bigender,Macedonian
231,Brita,Tree,btree6e@elegantthemes.com,Female,Yiddish
232,Catrina,Grimbleby,cgrimbleby6f@flavors.me,Female,Kashmiri
233,Addia,Holcroft,aholcroft6g@ibm.com,Female,Polish
234,Dallas,Breukelman,dbreukelman6h@acquirethisname.com,Male,Macedonian
235,Amandie,Duke,aduke6i@jimdo.com,Female,Assamese
236,Alanson,Muslim,amuslim6j@weebly.com,Male,Lao
237,Harland,Thompstone,hthompstone6k@twitpic.com,Male,Spanish
238,Avram,Likely,alikely6l@tiny.cc,Male,Māori
239,Leanna,Ambage,lambage6m@sakura.ne.jp,Female,Chinese
240,Rhiamon,Bowra,rbowra6n@bravesites.com,Genderfluid,Macedonian
241,Quintus,De Fraine,qdefraine6o@geocities.jp,Male,Luxembourgish
242,Adora,Churching,achurching6p@yellowbook.com,Female,Khmer
243,Berna,Dudman,bdudman6q@army.mil,Female,Croatian
244,Titus,Smittoune,tsmittoune6r@chronoengine.com,Male,Tok Pisin
245,Berny,Losel,blosel6s@illinois.edu,Male,Northern Sotho
246,Arabella,Preddle,apreddle6t@ifeng.com,Female,Punjabi
247,Consalve,Ortiger,cortiger6u@economist.com,Male,Telugu
248,Beverie,Pointer,bpointer6v@disqus.com,Female,Dhivehi
249,Annelise,Rycraft,arycraft6w@friendfeed.com,Female,Thai
250,Sherlocke,Cleveley,scleveley6x@nba.com,Male,Tetum
251,Courtney,Daice,cdaice6y@cornell.edu,Male,Montenegrin
252,Hollyanne,Chellam,hchellam6z@eventbrite.com,Female,Irish Gaelic
253,Billye,Towell,btowell70@addthis.com,Female,Catalan
254,Rees,Randlesome,rrandlesome71@opensource.org,Male,Guaraní
255,Cherida,Taggert,ctaggert72@scribd.com,Female,West Frisian
256,Hanny,Miettinen,hmiettinen73@nyu.edu,Female,Kurdish
257,Rutger,Guesford,rguesford74@phpbb.com,Male,Kyrgyz
258,Addison,Byrde,abyrde75@imageshack.us,Male,Spanish
259,Forrest,Casari,fcasari76@cbslocal.com,Male,Tamil
260,Hynda,Gheeraert,hgheeraert77@imgur.com,Female,Belarusian
261,Vito,Fone,vfone78@bandcamp.com,Male,Gujarati
262,Elvera,Nightingale,enightingale79@trellian.com,Female,Dutch
263,Margery,Powrie,mpowrie7a@tripadvisor.com,Female,Tsonga
264,Stanislaus,Ferrie,sferrie7b@hc360.com,Male,Lao
265,Konstance,MacAdie,kmacadie7c@wired.com,Female,Czech
266,Winny,Luxen,wluxen7d@google.fr,Male,Estonian
267,Sheela,McKelvie,smckelvie7e@cbsnews.com,Female,Ndebele
268,Fulton,Banaszczyk,fbanaszczyk7f@sbwire.com,Male,Somali
269,Jane,Winney,jwinney7g@histats.com,Female,Dutch
270,Norene,Mithun,nmithun7h@icq.com,Female,Indonesian
271,Fawne,Skalls,fskalls7i@hibu.com,Female,Gujarati
272,Rourke,Goodee,rgoodee7j@fastcompany.com,Male,Finnish
273,Webster,Cescotti,wcescotti7k@barnesandnoble.com,Male,Telugu
274,Kippy,Chennells,kchennells7l@bizjournals.com,Female,Belarusian
275,Alane,Lydon,alydon7m@ezinearticles.com,Female,Somali
276,Dacy,Rieflin,drieflin7n@latimes.com,Female,Azeri
277,Demetris,Edson,dedson7o@purevolume.com,Female,Ndebele
278,Geralda,Sexstone,gsexstone7p@addtoany.com,Female,Azeri
279,Merna,McMakin,mmcmakin7q@printfriendly.com,Female,Tamil
280,Marcelia,Dikels,mdikels7r@wikia.com,Female,Japanese
281,Honey,Falla,hfalla7s@hhs.gov,Female,Malagasy
282,Orton,Steedman,osteedman7t@elegantthemes.com,Male,Swedish
283,Hertha,Bletcher,hbletcher7u@washington.edu,Female,Kashmiri
284,Martguerita,Olin,molin7v@sogou.com,Female,Thai
285,Traci,Illing,tilling7w@columbia.edu,Female,Kazakh
286,Taite,Alcalde,talcalde7x@prweb.com,Male,English
287,Geoffry,Wabey,gwabey7y@mac.com,Male,French
288,Shelley,Trahearn,strahearn7z@mtv.com,Female,Punjabi
289,Bernelle,Kenewell,bkenewell80@walmart.com,Female,Catalan
290,Maudie,Castello,mcastello81@ow.ly,Female,Somali
291,Ferdy,FitzAlan,ffitzalan82@webnode.com,Male,Swedish
292,Lynda,Vautin,lvautin83@live.com,Female,Kazakh
293,Cecilla,Cottey,ccottey84@tumblr.com,Female,Haitian Creole
294,Liv,Frayne,lfrayne85@opera.com,Female,Maltese
295,Danice,Bolte,dbolte86@wp.com,Female,Tok Pisin
296,Calla,Toynbee,ctoynbee87@narod.ru,Female,West Frisian
297,Eleanora,Cottle,ecottle88@youku.com,Female,Icelandic
298,Brenden,Biesty,bbiesty89@europa.eu,Male,Hebrew
299,Lindy,Buddle,lbuddle8a@vinaora.com,Female,Telugu
300,Randie,Edess,redess8b@vkontakte.ru,Male,Catalan
301,Aksel,Guwer,aguwer8c@biblegateway.com,Male,Kashmiri
302,Leo,Byllam,lbyllam8d@moonfruit.com,Male,Assamese
303,Berky,Place,bplace8e@addtoany.com,Male,Kashmiri
304,Bertie,Bonnick,bbonnick8f@sakura.ne.jp,Male,Māori
305,Jdavie,Grunder,jgrunder8g@mtv.com,Male,Burmese
306,Ezechiel,Dentith,edentith8h@virginia.edu,Non-binary,Romanian
307,Katy,Dedenham,kdedenham8i@bluehost.com,Female,Tok Pisin
308,Jonathan,Watt,jwatt8j@tinypic.com,Male,Japanese
309,Ruggiero,Adamovitz,radamovitz8k@columbia.edu,Male,Quechua
310,Paige,Lightbown,plightbown8l@java.com,Agender,Albanian
311,Valery,Schimmang,vschimmang8m@free.fr,Female,Montenegrin
312,Selby,Kinnin,skinnin8n@washington.edu,Male,Hungarian
313,Cassey,Beig,cbeig8o@networkadvertising.org,Female,Lao
314,Zondra,O' Bee,zobee8p@discuz.net,Female,Dzongkha
315,Winfred,Dow,wdow8q@youtu.be,Male,Malay
316,Winnie,Gidley,wgidley8r@tmall.com,Male,Assamese
317,Dolly,Kays,dkays8s@telegraph.co.uk,Female,Indonesian
318,Stevie,Moulson,smoulson8t@cdbaby.com,Male,Greek
319,Dina,Marriner,dmarriner8u@cpanel.net,Female,Afrikaans
320,Haley,Hum,hhum8v@yahoo.com,Female,Norwegian
321,Stern,Kencott,skencott8w@techcrunch.com,Male,Lao
322,Reuven,Stopforth,rstopforth8x@europa.eu,Male,Mongolian
323,Cherin,MacNamara,cmacnamara8y@blinklist.com,Female,Swedish
324,Doll,Minthorpe,dminthorpe8z@wix.com,Female,Polish
325,Gaynor,Cotterrill,gcotterrill90@nasa.gov,Genderfluid,Tajik
326,Kerby,Crick,kcrick91@geocities.jp,Genderqueer,Catalan
327,Joellen,Andrejevic,jandrejevic92@dedecms.com,Female,Bulgarian
328,Toma,Dorgon,tdorgon93@wiley.com,Female,Bislama
329,Elijah,Joanaud,ejoanaud94@npr.org,Male,Malagasy
330,Olive,Brobyn,obrobyn95@alexa.com,Female,Montenegrin
331,Harley,Hubberstey,hhubberstey96@wordpress.com,Female,Armenian
332,Agosto,Marjoram,amarjoram97@msn.com,Polygender,Polish
333,Starla,Forsdike,sforsdike98@indiatimes.com,Female,Burmese
334,Brade,Cass,bcass99@goo.gl,Male,Moldovan
335,Frayda,Garbar,fgarbar9a@google.com.hk,Female,Spanish
336,Killy,Klemt,kklemt9b@time.com,Male,Swati
337,Kaylyn,Orpen,korpen9c@oakley.com,Female,Punjabi
338,Junie,Scouse,jscouse9d@chronoengine.com,Female,Haitian Creole
339,Coop,Tythacott,ctythacott9e@china.com.cn,Male,West Frisian
340,Gayla,Wortley,gwortley9f@lycos.com,Female,Swedish
341,Lindsay,Satchel,lsatchel9g@desdev.cn,Male,Italian
342,Lay,Morrieson,lmorrieson9h@etsy.com,Male,Dari
343,Gilligan,Husband,ghusband9i@multiply.com,Female,Dutch
344,Edvard,Cleeve,ecleeve9j@apple.com,Male,Marathi
345,Whit,Rodman,wrodman9k@livejournal.com,Male,Norwegian
346,Yoshiko,Petronis,ypetronis9l@spotify.com,Female,Malagasy
347,Wendye,Ortmann,wortmann9m@tinyurl.com,Female,Swahili
348,Ola,Sculpher,osculpher9n@fda.gov,Female,Chinese
349,Elinor,Nisius,enisius9o@google.com.hk,Female,Bengali
350,Louie,Feore,lfeore9p@php.net,Male,Malayalam
351,Alameda,Facer,afacer9q@disqus.com,Female,Italian
352,Brantley,Oldroyde,boldroyde9r@nasa.gov,Male,Kashmiri
353,Michele,Raden,mraden9s@europa.eu,Male,Khmer
354,Sander,Mablestone,smablestone9t@dell.com,Genderfluid,Afrikaans
355,Addy,Longwood,alongwood9u@bravesites.com,Male,Malay
356,Gard,Bolte,gbolte9v@skype.com,Male,Dari
357,Donella,Tremoille,dtremoille9w@harvard.edu,Female,Mongolian
358,Felicdad,Crittal,fcrittal9x@skyrock.com,Female,Belarusian
359,Derward,Machan,dmachan9y@theguardian.com,Male,Quechua
360,Clemmie,Rivalland,crivalland9z@tiny.cc,Female,Oriya
361,Doralia,Danton,ddantona0@smh.com.au,Female,Persian
362,Raddie,Parkeson,rparkesona1@purevolume.com,Male,English
363,Standford,Driffield,sdriffielda2@ibm.com,Male,Tamil
364,Morgana,Sillett,msilletta3@histats.com,Genderfluid,Hungarian
365,Aurelia,Cristofanini,acristofaninia4@webs.com,Female,Latvian
366,Andra,Deverock,adeverocka5@dmoz.org,Female,Spanish
367,Farrah,Littlepage,flittlepagea6@blogs.com,Female,Belarusian
368,June,Leadbetter,jleadbettera7@rakuten.co.jp,Female,Gagauz
369,Aarika,Balsdon,abalsdona8@dion.ne.jp,Female,Guaraní
370,Cord,Kopps,ckoppsa9@github.io,Male,French
371,Emilia,Atkins,eatkinsaa@blog.com,Female,Korean
372,Aylmar,Gianninotti,agianninottiab@java.com,Male,Kurdish
373,Hope,Brezlaw,hbrezlawac@youku.com,Female,Macedonian
374,Lexy,Weddeburn - Scrimgeour,lweddeburnscrimgeourad@msn.com,Female,Amharic
375,Elset,Boosey,ebooseyae@hp.com,Female,Bulgarian
376,Hardy,Mardoll,hmardollaf@1und1.de,Male,Yiddish
377,Burton,Gowdridge,bgowdridgeag@google.co.jp,Male,Dhivehi
378,Jasper,de Clerk,jdeclerkah@shutterfly.com,Male,Korean
379,Milty,Babinski,mbabinskiai@cpanel.net,Male,English
380,Elonore,Dionis,edionisaj@xrea.com,Female,Khmer
381,Truda,Gartin,tgartinak@nps.gov,Female,Māori
382,Ezechiel,Lieber,elieberal@stumbleupon.com,Male,Chinese
383,Emalee,Fosdyke,efosdykeam@samsung.com,Female,Northern Sotho
384,Ilario,Howse,ihowsean@homestead.com,Male,Lao
385,Sybilla,Lamdin,slamdinao@apache.org,Female,Northern Sotho
386,Nikita,Penton,npentonap@japanpost.jp,Male,Malayalam
387,Shantee,Shotbolt,sshotboltaq@amazon.co.jp,Female,Malagasy
388,Paule,Breydin,pbreydinar@japanpost.jp,Female,Armenian
389,Umeko,Abbs,uabbsas@sciencedirect.com,Agender,Swati
390,Gustavo,McLanachan,gmclanachanat@virginia.edu,Male,Zulu
391,Alfred,Deplacido,adeplacidoau@biglobe.ne.jp,Male,Persian
392,Tibold,Tremollet,ttremolletav@smugmug.com,Male,Swati
393,Sampson,Tenby,stenbyaw@friendfeed.com,Male,Yiddish
394,Wileen,McInnes,wmcinnesax@vistaprint.com,Female,Nepali
395,Gloria,Mellish,gmellishay@howstuffworks.com,Female,Tajik
396,Silvain,Pritchard,spritchardaz@archive.org,Male,Danish
397,Rafaello,Pesak,rpesakb0@state.gov,Male,Nepali
398,Aurthur,Pudney,apudneyb1@tiny.cc,Male,Lao
399,Bruno,Klimashevich,bklimashevichb2@ebay.co.uk,Male,Indonesian
400,Gill,Mongin,gmonginb3@chicagotribune.com,Male,Finnish
401,Layne,Stelle,lstelleb4@amazon.com,Female,Persian
402,Gar,Bilbrey,gbilbreyb5@ft.com,Male,Albanian
403,Vilma,Ricold,vricoldb6@smugmug.com,Female,Catalan
404,Cyrillus,Barringer,cbarringerb7@delicious.com,Male,Latvian
405,Dode,Jannaway,djannawayb8@ovh.net,Female,Kurdish
406,Kailey,Haack,khaackb9@patch.com,Female,Romanian
407,Tabina,Pennetti,tpennettiba@forbes.com,Non-binary,Latvian
408,Adriana,Bruhnke,abruhnkebb@sbwire.com,Female,Malay
409,Tabor,Verralls,tverrallsbc@theglobeandmail.com,Male,Portuguese
410,Filbert,Becraft,fbecraftbd@example.com,Male,Haitian Creole
411,Isidore,Ripper,iripperbe@jigsy.com,Male,Telugu
412,Brody,Handrok,bhandrokbf@ft.com,Male,Estonian
413,Normy,Hinkens,nhinkensbg@unc.edu,Male,Belarusian
414,Rita,Alves,ralvesbh@ow.ly,Bigender,Amharic
415,Philip,Goodacre,pgoodacrebi@csmonitor.com,Male,Portuguese
416,Verla,Clitheroe,vclitheroebj@timesonline.co.uk,Female,Irish Gaelic
417,Griffie,Alwen,galwenbk@technorati.com,Male,Tswana
418,Mira,Padberry,mpadberrybl@sun.com,Female,Arabic
419,Alvin,Beeze,abeezebm@sbwire.com,Male,Malayalam
420,Janaye,Stefanovic,jstefanovicbn@slate.com,Female,Chinese
421,Merrily,Lingard,mlingardbo@parallels.com,Female,Yiddish
422,Nomi,Dickman,ndickmanbp@360.cn,Female,Latvian
423,Elizabet,Fazackerley,efazackerleybq@reuters.com,Female,Sotho
424,Krystle,Laweles,klawelesbr@merriam-webster.com,Female,Dutch
425,Thomasin,Ordidge,tordidgebs@163.com,Female,Guaraní
426,Terese,Hannant,thannantbt@nps.gov,Female,Dutch
427,Felicio,Dall,fdallbu@scribd.com,Male,Tsonga
428,Priscilla,Friday,pfridaybv@amazon.com,Female,Azeri
429,Cecilla,Trenear,ctrenearbw@goo.ne.jp,Female,Haitian Creole
430,Kippy,Ettritch,kettritchbx@wired.com,Female,Romanian
431,Hoebart,Howsam,hhowsamby@amazon.co.uk,Agender,Chinese
432,Marve,Dreghorn,mdreghornbz@sun.com,Male,Yiddish
433,L;urette,Shanklin,lshanklinc0@si.edu,Female,Amharic
434,Ranee,Hensmans,rhensmansc1@twitpic.com,Female,Luxembourgish
435,Brandyn,Penwarden,bpenwardenc2@acquirethisname.com,Male,Hindi
436,Felipa,Puig,fpuigc3@seesaa.net,Female,Gagauz
437,Karmen,Skevington,kskevingtonc4@cbslocal.com,Non-binary,German
438,Milicent,Ortells,mortellsc5@sourceforge.net,Female,Tsonga
439,Artie,Gareisr,agareisrc6@tmall.com,Male,Finnish
440,Jessey,Knight,jknightc7@moonfruit.com,Agender,Bislama
441,Aeriela,Leisk,aleiskc8@hatena.ne.jp,Genderfluid,Latvian
442,Lanny,Spooner,lspoonerc9@huffingtonpost.com,Bigender,Belarusian
443,Amata,Spehr,aspehrca@wikipedia.org,Female,Zulu
444,Garreth,O'Cahey,gocaheycb@auda.org.au,Male,Pashto
445,Danna,Spencelayh,dspencelayhcc@fotki.com,Female,Korean
446,Onofredo,Deluze,odeluzecd@trellian.com,Male,Belarusian
447,Mireille,Taunton,mtauntonce@weebly.com,Agender,Northern Sotho
448,Renata,Bartens,rbartenscf@cnn.com,Female,Zulu
449,Melissa,Dossit,mdossitcg@apache.org,Female,Nepali
450,Dom,Cottage,dcottagech@nih.gov,Male,Dhivehi
451,Devan,Wraight,dwraightci@ucla.edu,Female,Dhivehi
452,Kermie,Tatton,ktattoncj@feedburner.com,Male,Czech
453,Mack,Pechet,mpechetck@sbwire.com,Male,Gujarati
454,Chancey,Tantum,ctantumcl@indiatimes.com,Agender,Gagauz
455,Benita,Kegg,bkeggcm@harvard.edu,Female,Kurdish
456,Allistir,Purle,apurlecn@japanpost.jp,Male,Hindi
457,Elihu,Cherrie,echerrieco@latimes.com,Male,Japanese
458,Marietta,Kettow,mkettowcp@tmall.com,Male,Telugu
459,Elena,Lempel,elempelcq@ted.com,Female,Malayalam
460,Dora,Kalisz,dkaliszcr@typepad.com,Female,Swedish
461,Georgie,Beedie,gbeediecs@disqus.com,Male,Chinese
462,Burl,Lembke,blembkect@amazon.de,Male,Yiddish
463,Cirilo,Milmith,cmilmithcu@vkontakte.ru,Male,Oriya
464,Courtney,Lye,clyecv@uol.com.br,Female,Pashto
465,Barrett,Duinbleton,bduinbletoncw@furl.net,Male,Bosnian
466,Grenville,Vasilyevski,gvasilyevskicx@cmu.edu,Male,Sotho
467,De witt,Bavin,dbavincy@cornell.edu,Male,Finnish
468,Daphna,Deguara,ddeguaracz@tmall.com,Female,Persian
469,Lidia,Thridgould,lthridgouldd0@reuters.com,Female,Greek
470,Evvy,Humphries,ehumphriesd1@mtv.com,Female,Finnish
471,Loree,Yeulet,lyeuletd2@bandcamp.com,Female,Moldovan
472,Concordia,Whelpton,cwhelptond3@merriam-webster.com,Female,Papiamento
473,Suzi,Saggs,ssaggsd4@comsenz.com,Female,Catalan
474,Stefan,Chason,schasond5@bravesites.com,Male,Amharic
475,Taylor,Waryk,twarykd6@examiner.com,Male,Tsonga
476,Hedda,Thomke,hthomked7@stanford.edu,Female,Kurdish
477,Garnet,Hackford,ghackfordd8@amazon.com,Polygender,Malayalam
478,Stanislaw,Tome,stomed9@guardian.co.uk,Male,Hungarian
479,Garnet,Kondratowicz,gkondratowiczda@eepurl.com,Female,Danish
480,Maude,De Cruz,mdecruzdb@php.net,Female,Arabic
481,Mervin,Osan,mosandc@a8.net,Male,Dzongkha
482,Thebault,Birwhistle,tbirwhistledd@ustream.tv,Male,Yiddish
483,Dulcy,Dowdell,ddowdellde@scientificamerican.com,Female,Bengali
484,Lawrence,Clyburn,lclyburndf@csmonitor.com,Male,Kyrgyz
485,Gwyn,Jerred,gjerreddg@addtoany.com,Female,Catalan
486,Mauricio,Speechley,mspeechleydh@time.com,Male,Portuguese
487,Booth,Cunniffe,bcunniffedi@omniture.com,Male,Chinese
488,Morry,Collins,mcollinsdj@homestead.com,Genderfluid,Dzongkha
489,Luella,Kirsche,lkirschedk@quantcast.com,Female,Pashto
490,Sherman,Dreakin,sdreakindl@msn.com,Male,Macedonian
491,Ozzie,Bengtsson,obengtssondm@tumblr.com,Male,Moldovan
492,Ronnica,Yelding,ryeldingdn@cyberchimps.com,Bigender,Bosnian
493,Odo,Kruger,okrugerdo@shareasale.com,Male,Oriya
494,Russ,Screwton,rscrewtondp@wufoo.com,Polygender,Tajik
495,Kristel,Londing,klondingdq@pcworld.com,Female,French
496,Ly,MacAndrew,lmacandrewdr@oaic.gov.au,Male,Icelandic
497,Jedd,Lorain,jlorainds@behance.net,Male,Burmese
498,Mattie,Blasl,mblasldt@fc2.com,Male,Italian
499,Damaris,Evemy,devemydu@mozilla.com,Female,Kannada
500,Lind,Haldene,lhaldenedv@merriam-webster.com,Male,Bulgarian
